session_label,model_name,camera_name,start_time,duration_s,total_frames,frames_with_motion,frames_yolo_ran,frames_yolo_detected,frames_tracker_confirmed,total_confirmed_events,total_recordings,avg_motion_regions,avg_yolo_detections,avg_confirmed_tracks,false_alarm_reduction_yolo_pct,false_alarm_reduction_tracker_pct,avg_mog2_ms,avg_yolo_ms,avg_tracker_ms,p95_yolo_ms,p99_yolo_ms,avg_fps,avg_cpu_pct,avg_ram_mb,yolo_call_rate_pct
yolo11n_exp1,yolo11n.pt,porch,2026-03-15T15:41:23.739115,243.1,1061,50,50,50,3,3,3,0.05,0.05,0.09,0.0,94.0,9.14,296.35,0.03,315.69,1132.41,4.49,16.4,522.26,4.7
yolo11s_exp1,yolo11s.pt,porch,2026-03-15T15:46:30.294114,264.7,1061,50,50,50,3,3,3,0.05,0.05,0.09,0.0,94.0,8.98,735.77,0.02,833.92,990.33,4.43,17.09,589.55,4.7
yolov8n_exp1,yolov8n,porch,2026-03-15T15:52:15.303046,243.1,1061,50,50,49,3,3,3,0.05,0.05,0.09,2.0,93.9,9.12,297.86,0.03,337.29,389.27,4.51,16.06,519.72,4.7
conf025_exp2,yolo11s.pt,porch,2026-03-15T15:58:14.917593,265.0,1061,50,50,50,4,4,3,0.05,0.05,0.11,0.0,92.0,9.06,739.26,0.03,837.73,1008.92,4.43,17.2,590.91,4.7
conf040_exp2,yolo11s.pt,porch,2026-03-15T16:03:50.732088,265.0,1061,50,50,50,3,3,3,0.05,0.05,0.09,0.0,94.0,9.04,739.29,0.03,836.65,998.0,4.43,17.3,589.93,4.7
conf055_exp2,yolo11s.pt,porch,2026-03-15T16:09:04.570022,264.9,1061,50,50,50,3,3,3,0.05,0.05,0.09,0.0,94.0,9.05,737.31,0.03,839.11,994.91,4.43,17.26,587.41,4.7
regions640_exp3,yolo11s.pt,porch,2026-03-15T16:15:32.102361,265.0,1061,50,50,50,3,3,3,0.05,0.05,0.09,0.0,94.0,9.06,738.51,0.03,840.71,1010.57,4.43,17.23,589.28,4.7
full640_exp3,yolo11s.pt,porch,2026-03-15T16:21:20.906395,260.2,1061,50,50,50,3,3,3,0.05,0.05,0.09,0.0,94.0,9.06,640.38,0.03,699.34,900.23,4.46,17.08,574.93,4.7
full1280_exp3,yolo11s.pt,porch,2026-03-15T16:27:06.058603,354.8,1061,50,50,50,3,3,3,0.05,0.05,0.09,0.0,94.0,9.04,2535.22,0.03,2538.96,2819.6,4.4,18.32,702.28,4.7
mog2_600_exp4,yolo11s.pt,porch,2026-03-15T17:30:10.068914,264.9,1061,50,50,50,3,3,3,0.05,0.05,0.09,0.0,94.0,8.92,739.79,0.02,842.56,1030.3,4.44,17.06,589.52,4.7
mog2_300_exp4,yolo11s.pt,porch,2026-03-15T17:34:43.770090,266.7,1061,52,52,52,3,3,3,0.05,0.05,0.09,0.0,94.2,8.93,747.44,0.03,962.84,999.13,4.4,17.38,606.24,4.9
mog2_150_exp4,yolo11s.pt,porch,2026-03-15T17:41:02.864795,266.9,1061,52,52,52,3,3,3,0.05,0.05,0.09,0.0,94.2,8.92,750.5,0.03,955.54,1016.99,4.4,17.28,600.31,4.9
mog2_75_exp4,yolo11s.pt,porch,2026-03-15T17:45:51.316583,266.8,1061,52,52,52,3,3,3,0.05,0.05,0.09,0.0,94.2,8.97,746.98,0.03,959.95,996.84,4.4,17.34,598.52,4.9
mog2_25_600_exp4,yolo11s.pt,porch,2026-03-15T17:57:04.437136,265.1,1061,50,50,50,3,3,3,0.05,0.05,0.09,0.0,94.0,9.01,740.71,0.03,847.58,1001.29,4.44,17.34,589.96,4.7
mog2_10_150_exp4,yolo11s.pt,porch,2026-03-15T18:01:35.079488,274.9,1061,59,59,58,5,5,5,0.06,0.06,0.12,1.7,91.4,8.78,777.59,0.03,1037.87,1092.45,4.34,18.15,592.68,5.6
mog2_6_75_exp4,yolo11s.pt,porch,2026-03-15T18:37:29.923607,278.9,1061,62,62,60,5,5,5,0.06,0.06,0.12,3.2,91.7,8.76,804.53,0.03,1001.22,1099.94,4.33,18.54,600.64,5.8
mog2_4_50_exp4,yolo11s.pt,porch,2026-03-15T18:42:21.343894,290.0,1061,71,71,69,8,8,7,0.07,0.07,0.17,2.8,88.4,8.49,845.54,0.03,1071.84,1788.44,4.23,19.54,604.94,6.7
full640n_mog10_exp5,yolo11n.pt,porch,2026-03-15T19:10:12.471373,243.6,1061,59,59,58,5,5,5,0.06,0.05,0.12,1.7,91.4,8.84,245.01,0.03,264.14,335.61,4.47,16.95,509.36,5.6
full640n_mog6_exp5,yolo11n.pt,porch,2026-03-15T19:14:34.816870,244.5,1061,62,62,60,5,5,5,0.06,0.06,0.12,3.2,91.7,8.91,244.82,0.03,258.98,348.07,4.46,17.33,534.27,5.8
regions640n_mog6_exp5,yolo11n.pt,porch,2026-03-15T19:18:44.145585,248.1,1061,62,62,60,5,6,5,0.06,0.06,0.14,3.2,91.7,8.83,306.25,0.02,377.78,426.49,4.43,17.73,545.07,5.8
regions640n_mog10_exp5,yolo11n.pt,porch,2026-03-15T19:22:58.624846,246.7,1061,59,59,58,6,6,5,0.06,0.06,0.14,1.7,89.7,8.86,297.46,0.03,382.48,431.7,4.45,17.33,537.52,5.6
main_full640n_mog10_ref,yolo11n.pt,porch,2026-03-15T19:36:40.471191,335.7,2259,90,90,86,3,3,3,0.04,0.04,0.06,4.4,96.5,8.31,249.89,0.03,276.87,321.44,7.05,206.94,774.14,4.0
main_pw1500_exp6,yolo11n.pt,porch,2026-03-15T19:51:51.740628,567.2,2259,511,511,376,14,14,14,0.24,0.17,0.29,26.4,96.3,61.96,245.77,0.03,266.81,278.59,4.42,181.84,911.13,22.6
main_pw2000_exp6,yolo11n.pt,porch,2026-03-15T20:01:49.629955,698.2,2259,637,637,390,15,15,14,0.31,0.17,0.3,38.8,96.2,107.31,243.32,0.02,261.74,293.09,3.56,167.07,1036.04,28.2
Back-1,yolo11n.pt,porch,2026-03-22T11:09:25.423522,62.7,290,6,6,0,0,0,0,0.02,0.0,0.0,100.0,0.0,8.95,258.67,0.02,320.6,320.6,4.66,13.57,496.94,2.1
Back-1,yolo11n.pt,porch,2026-03-22T11:11:26.097599,26.5,125,1,1,0,0,0,0,0.04,0.0,0.0,100.0,0.0,8.61,315.86,0.02,315.86,315.86,4.7,10.91,498.68,0.8
Back-3,yolo11n.pt,porch,2026-03-22T11:13:13.399782,26.3,125,0,0,0,0,0,0,0.0,0.0,0.0,0.0,0.0,8.63,0.0,0.02,0.0,0.0,4.77,10.94,452.6,0.0
Back-4,yolo11n.pt,porch,2026-03-22T11:15:51.996603,26.3,125,0,0,0,0,0,0,0.0,0.0,0.0,0.0,0.0,9.19,0.0,0.03,0.0,0.0,4.76,11.69,452.56,0.0
Gate-1,yolo11n.pt,porch,2026-03-22T11:17:45.897080,85.0,324,64,64,10,1,1,1,0.7,0.03,0.08,84.4,90.0,10.18,242.01,0.02,251.54,314.97,4.11,31.51,507.18,19.8
Porch-1,yolo11n.pt,porch,2026-03-22T11:20:29.777331,37.1,125,45,45,0,0,0,0,0.72,0.0,0.0,100.0,0.0,7.38,244.39,0.02,262.99,317.45,3.6,46.7,491.1,36.0
Porch-2,yolo11n.pt,porch,2026-03-22T12:00:54.465038,2.6,12,0,0,0,0,0,0,0.0,0.0,0.0,0.0,0.0,7.12,0.0,0.02,0.0,0.0,4.81,8.4,442.4,0.0
Porch-2,yolo11n.pt,porch,2026-03-22T12:01:46.169909,27.8,130,2,2,0,0,0,0,0.02,0.0,0.0,100.0,0.0,8.36,292.61,0.02,345.34,345.34,4.7,12.31,486.5,1.5
Workshop-1,yolo11n.pt,porch,2026-03-22T12:03:33.248727,42.6,125,68,68,0,0,0,0,0.9,0.0,0.0,100.0,0.0,7.46,242.4,0.02,250.02,326.83,3.08,65.95,497.47,54.4
Workshop-2,yolo11n.pt,porch,2026-03-22T13:17:30.860568,52.4,133,96,96,9,3,3,2,1.75,0.07,0.35,90.6,66.7,7.3,241.22,0.02,250.1,315.97,2.67,84.53,513.7,72.2
Workshop-2_2,yolo11n.pt,porch,2026-03-22T13:48:54.837743,51.1,133,96,96,0,0,0,0,1.75,0.0,0.0,100.0,0.0,7.29,243.31,0.02,257.57,325.44,2.78,84.31,498.44,72.2
Gate-1_2,yolo11n.pt,porch,2026-03-22T13:50:23.562515,84.9,324,64,64,9,1,1,1,0.7,0.03,0.08,85.9,88.9,10.1,242.1,0.02,250.99,317.25,4.11,31.52,507.39,19.8
yolo11s_sub_exp1,yolo11s.pt,porch,2026-04-16T16:18:32.226567,57.7,2667,0,0,0,0,0,0,0.0,0.0,0.0,0.0,0.0,2.3,0.0,0.01,0.0,0.0,55.29,41.34,491.83,0.0
